{"mean": 5.39252521606401, "std": 2.550120780032494}