{"mean": 64.0436244835207, "std": 8.9582253420494}