fold,mae,rmse,mse,age_mean,age_std,best_val_loss,final_val_loss
1,2.586708457521081,4.44987743007922,19.801409142728446,64.06039204381666,8.909005550463519,0.2903476059436798,0.2903476059436798
2,2.0802866356530263,4.038233244804206,16.307327739441906,63.98400115307005,8.988567930122006,0.2314368635416031,0.2314368635416031
3,1.681577757083517,3.2845368714408028,10.788182459854138,64.0864802536754,8.977102545562673,0.18731853365898132,0.1902490258216858
